2010,AUDI A3,1.984,200,,6,F,3750,4.06,40.7,Tier 2 Cert Gasoline,332.0000000,26.6,32.000,0.27000,0.020000
2010,AUDI A3,1.984,200,,6,F,3625,3.94,40.4,Tier 2 Cert Gasoline,311.0000000,28.4,31.000,0.15000,0.020000
2010,AUDI A3,1.984,200,,6,F,3750,4.06,40.7,Tier 2 Cert Gasoline,339.0000000,26.0,32.000,0.27000,0.200000
2010,AUDI A3,1.984,200,,6,F,3625,3.94,40.4,Tier 2 Cert Gasoline,315.0000000,28.0,31.000,0.15000,0.020000
2010,AUDI A3 QUATTRO,1.984,200,,6,F,3875,4.06,40.6,Tier 2 Cert Gasoline,331.0000000,26.8,34.000,0.35000,0.017800
2010,AUDI A5 quattro,3.179,265,6,6,F,4000,3.52,33.0,Tier 2 Cert Gasoline,358.0000000,24.6,38.000,0.48500,0.018200
2010,AUDI EOS,1.984,200,,6,F,3875,3.14,32.4,Tier 2 Cert Gasoline,323.0000000,27.2,39.000,0.29000,0.017100
2010,AUDI EOS,1.984,200,,6,F,3750,3.09,39.1,Tier 2 Cert Gasoline,311.0000000,28.4,37.000,0.13000,0.018500
2010,AUDI PASSAT WAGON,1.984,200,,6,F,3625,3.09,39.2,Tier 2 Cert Gasoline,316.0000000,27.8,34.000,0.13000,0.017900
2010,Audi Q5,3.179,270,6,6,F,4500,4.22,35.2,Tier 2 Cert Gasoline,411.0000000,21.4,33.000,0.29000,0.017100
2010,AUDI Q7,3.000,225,6,6,A,6000,3.90,32.4,Federal Cert Diesel 7-15 PPM Sulfur,438.0000000,23.2,58.000,0.43400,0.027200
2010,AUDI R8,5.204,525,,6,R,4000,4.06,43.0,Tier 2 Cert Gasoline,456.0000000,19.3,45.860,0.32600,0.016240
2010,AUDI R8,5.204,525,,6,R,4000,4.06,43.0,Tier 2 Cert Gasoline,450.0000000,19.6,45.860,0.32600,0.016240
2010,AUDI S4,2.995,333,6,7,F,4750,3.88,32.3,Tier 2 Cert Gasoline,373.0000000,23.6,46.000,0.34400,0.018700
2010,AUDI S4,2.995,333,6,6,F,4250,3.68,38.7,Tier 2 Cert Gasoline,341.0000000,25.8,41.000,0.31500,0.017000
2010,AUDI S5,4.163,354,,6,F,4250,3.52,32.8,Tier 2 Cert Gasoline,396.0000000,22.4,46.090,0.47000,0.017750
2010,AUDI S5,4.163,354,,6,F,4250,3.88,41.2,Tier 2 Cert Gasoline,421.0000000,21.0,39.000,0.32000,0.017700
2010,AUDI TT COUPE QUATTRO,1.984,200,,6,F,3500,4.06,39.2,Tier 2 Cert Gasoline,316.0000000,27.9,36.000,0.35000,0.016700
2010,AUDI TT COUPE QUATTRO,1.984,265,,6,F,3625,3.44,41.0,Tier 2 Cert Gasoline,323.0000000,27.4,37.000,0.35000,0.016400
2010,Bentley Continental Supersports,5.998,621,12,6,F,5250,3.53,30.4,Tier 2 Cert Gasoline,508.0000000,17.4,50.000,0.26100,0.020200
2010,Bugatti Veyron,7.997,1001,,7,4,4750,2.59,24.9,Tier 2 Cert Gasoline,710.0000000,12.5,60.000,0.59000,0.018500
2010,Jeep Grand Cherokee SRT8 AWD,6.100,420,8,5,R,5000,3.73,36.7,Tier 2 Cert Gasoline,578.7140727,15.3,57.310,0.65650,0.026680
2010,HONDA CIVIC SI,2.000,197,,6,F,3250,4.76,44.0,Tier 2 Cert Gasoline,314.8300000,27.8,30.670,0.24860,0.018770
2010,LOTUS EVORA,3.500,276,6,6,R,3375,3.77,43.0,Tier 2 Cert Gasoline,335.3160419,26.4,40.540,0,0.020500
2010,Mercedes-Benz ML 63 AMG,6.300,503,8,7,R,5500,3.45,29.6,Tier 2 Cert Gasoline,600.4700000,14.8,53.273,0.76010,0.029311
2010,Mercedes-Benz SLK 300,2.996,228,6,6,R,3625,3.27,38.2,Tier 2 Cert Gasoline,357.0400000,24.6,35.309,0.27472,0.015086
2010,Spyker C8,4.163,344,8,6,R,3938,3.54,40.3,Tier 2 Cert Gasoline,457.9000000,19.3,1.843,0,0.032431
2010,SUZUKI GRAND VITARA 4WD,3.195,230,6,5,4,4250,3.58,31.5,Tier 2 Cert Gasoline,413.6368000,21.1,45.680,0.08000,0.025670
2010,SUZUKI GRAND VITARA 4WD,2.393,166,4,4,4,3875,5.13,43.0,Tier 2 Cert Gasoline,399.5618000,21.7,43.100,0.08000,0.025610
2010,Volkswagen CC,1.984,200,4,6,F,3750,3.14,32.4,Tier 2 Cert Gasoline,305.0000000,28.9,36.000,0.29000,0.016500
2010,Volkswagen Eos,1.984,200,4,6,F,3750,3.09,39.2,Tier 2 Cert Gasoline,310.0000000,28.0,37.000,0.13000,0.018500
2010,Volkswagen Eos,1.984,200,4,6,F,3875,3.14,32.4,Tier 2 Cert Gasoline,314.0000000,27.9,39.000,0.29000,0.017100
2010,Volkswagen Golf,2.480,170,5,5,F,3375,3.65,42.5,Tier 2 Cert Gasoline,315.0000000,28.0,30.000,0.13400,0.018100
2010,Volkswagen Jetta,2.480,170,5,5,F,3625,3.65,42.5,Tier 2 Cert Gasoline,305.0000000,28.9,30.000,0.13400,0.018100
2010,Volkswagen Jetta,2.480,170,5,6,F,3625,3.69,34.4,Tier 2 Cert Gasoline,313.0000000,28.2,30.000,0.27100,0.017100
2010,Volkswagen Jetta,2.480,170,5,6,F,3625,3.69,34.4,Tier 2 Cert Gasoline,327.0000000,27.0,30.000,0.27100,0.017100
2010,Volkswagen Passat,1.984,200,4,6,F,3750,3.14,32.4,Tier 2 Cert Gasoline,310.0000000,28.4,36.000,0.29000,0.016500
2010,VOLKSWAGEN PASSAT CC 4MOTION,3.596,280,,6,F,4250,3.45,32.4,Tier 2 Cert Gasoline,382.0000000,23.2,42.000,0.47000,0.017000
2010,Volvo C30 T5 FWD,2.521,227,5,6,F,3500,3.77,33.8,CARB Phase II Gasoline,308.0000000,28.2,24.920,0.44640,0.017450
2010,Volvo C30 T5 FWD,2.521,227,5,5,F,3625,2.27,31.9,CARB Phase II Gasoline,314.0000000,27.8,27.900,0.33420,0.018180
2010,Volvo S40 2.4i  FWD,2.435,168,5,5,F,3500,4.25,41.4,CARB Phase II Gasoline,316.0000000,27.7,30.660,0.18790,0.019540
2010,Volvo S40 2.4i FWD,2.435,168,5,5,F,3625,2.44,34.6,CARB Phase II Gasoline,303.0000000,28.9,32.850,0.29390,0.017280
2010,Volvo S40 2.4i FWD,2.435,165,5,5,F,3625,2.44,34.6,CARB Phase II Gasoline,323.0000000,27.1,32.830,0.29400,0.017280
2010,Volvo S40 T5 AWD,2.521,227,5,5,F,3750,2.27,31.9,CARB Phase II Gasoline,343.0000000,25.5,35.160,0.45060,0.016420
2010,Volvo S40 T5 AWD,2.521,227,5,6,F,3750,4.00,35.8,CARB Phase II Gasoline,337.0000000,25.9,31.820,0.36800,0.019710
2010,Volvo S80 3.2 FWD,3.192,235,6,6,F,4000,3.33,30.7,CARB Phase II Gasoline,352.0000000,24.9,44.000,0.24390,0.017330
2010,Volvo S80 T6 AWD,2.953,281,6,6,F,4250,3.33,30.9,CARB Phase II Gasoline,395.0000000,22.2,55.510,0.30790,0.017360
2010,Volvo XC60 3.2 AWD,3.192,225,6,6,F,4500,3.75,30.8,CARB Phase II Gasoline,440.0000000,19.9,58.040,0.45490,0.024820
2010,Volvo XC60 T6 AWD,2.953,281,6,6,F,4500,3.75,30.8,CARB Phase II Gasoline,441.2205464,19.8,45.010,0.54430,0.022530
2010,Volvo XC70 AWD,3.192,235,6,6,F,4500,3.75,33.2,CARB Phase II Gasoline,407.7426000,21.4,50.570,0.24780,0.022200
2010,Volvo XC90 AWD,3.192,235,6,6,A,5000,4.06,33.3,CARB Phase II Gasoline,448.0000000,19.6,71.280,0.12800,0.026950
2010,Volvo XC90 FWD,3.192,235,6,6,F,5000,4.06,33.3,CARB Phase II Gasoline,439.0000000,20.0,57.970,0.17830,0.026630
2011,AUDI A4,1.984,211,,1,F,3875,3.09,26.1,Tier 2 Cert Gasoline,327.0000000,26.7,37.000,0.24000,0.017300
2011,AUDI A4,1.984,211,4,8,F,4000,2.85,25.8,Tier 2 Cert Gasoline,323.0000000,27.2,37.000,0.44500,0.017400
2011,AUDI A4 QUATTRO,1.984,211,,6,F,4000,3.46,34.8,Tier 2 Cert Gasoline,302.0000000,29.1,36.000,0.33000,0.017600
2011,AUDI A6,3.179,265,6,1,F,4250,4.88,26.7,Tier 2 Cert Gasoline,309.0000000,28.5,40.000,0.24200,0.017100
2011,AUDI A8L,4.163,372,8,8,F,4750,3.20,26.7,Tier 2 Cert Gasoline,394.9776054,22.3,39.000,0.39800,0.015200
2011,AUDI Q5,1.984,211,4,8,F,4500,3.76,30.3,Tier 2 Cert Gasoline,352.0000000,24.8,36.000,0.49600,0.020100
2011,AUDI Q7,2.967,225,6,8,A,6000,3.27,26.8,Federal Cert Diesel 7-15 PPM Sulfur,461.6836313,22.0,46.000,0.43000,0.027200
2011,AUDI R8,4.163,430,8,6,A,4250,4.57,43.4,Tier 2 Cert Gasoline,451.0000000,19.5,46.985,0.32555,0.017635
2011,AUDI R8,4.163,430,8,6,A,4250,4.57,43.0,Tier 2 Cert Gasoline,460.0000000,19.1,46.985,0.32555,0.017635
2011,AUDI TT Coupe,1.984,211,4,6,A,3625,3.44,32.3,Tier 2 Cert Gasoline,311.0000000,28.5,37.000,0.35400,0.017600
2011,VOLKSWAGEN TIGUAN,1.984,200,4,6,F,4000,4.24,37.1,Tier 2 Cert Gasoline,378.0000000,23.2,40.000,0.47000,0.022800
2011,VOLKSWAGEN TIGUAN,1.984,200,4,6,F,3875,3.30,38.5,Tier 2 Cert Gasoline,356.5990345,24.6,37.000,0.13400,0.024700
2011,BENTLEY Continental Supersports,5.998,621,12,6,F,6000,3.53,30.4,Tier 2 Cert Gasoline,567.4754702,15.6,51.500,0.41960,0.019260
2011,Bentley Mulsanne,6.800,505,8,8,R,6000,2.92,22.3,Tier 2 Cert Gasoline,575.9933745,15.4,74.000,0.13000,0.021700
2011,BUGATTI Veyron Super Sport,7.997,1200,16,7,4,4750,2.59,24.9,Tier 2 Cert Gasoline,636.0000000,13.9,60.000,0.59300,0.018500
2011,Jeep Wrangler 4wd,3.800,200,6,6,R,4250,3.21,28.1,Tier 2 Cert Gasoline,475.1040000,,34.090,0.53240,0.033820
2011,Jeep Wrangler 4wd,3.800,200,6,4,R,4750,3.73,28.3,Tier 2 Cert Gasoline,506.4000000,17.5,41.900,0.54500,0.035930
2011,FORD FLEX,3.500,355,6,6,A,5250,3.16,28.1,Tier 2 Cert Gasoline,455.6980000,19.5,47.190,0.50230,0.027880
2011,Ford Mustang,3.700,300,6,6,R,3750,2.73,23.4,Tier 2 Cert Gasoline,356.2182019,24.9,27.820,0.09080,0.021880
2011,Ford Ranger 2WD,2.300,143,4,5,R,3750,4.10,39.0,Tier 2 Cert Gasoline,405.9720000,21.8,27.040,0.59590,0.025470
2011,Ford Ranger Pickup 2WD,2.300,143,4,5,R,3750,4.10,39.0,Tier 2 Cert Gasoline,441.3460819,19.9,27.040,0.59590,0.025470
2011,Lincoln-Mercury MILAN,3.000,223,6,6,A,4000,3.21,32.2,Tier 2 Cert Gasoline,375.1960000,23.7,47.939,0.01880,0.021640
2011,CADILLAC ESCALADE 2WD,6.200,403,8,6,R,6000,3.42,24.7,Tier 2 Cert Gasoline,578.3180000,,33.610,1.04420,0.020890
2011,CHEVROLET C15 SILVERADO 2WD,6.200,403,8,6,R,5500,3.42,24.7,Tier 2 Cert Gasoline,573.5830000,,31.790,1.03590,0.026720
2011,CHEVROLET C1500 TAHOE 2WD HYBRID,6.000,332,8,1,R,6000,3.08,25.0,Tier 2 Cert Gasoline,416.7010000,21.2,50.050,0.10160,0.029490
2011,CHEVROLET CAPRICE PPV,6.000,356,8,6,R,4500,2.92,24.9,Tier 2 Cert Gasoline,416.7290000,21.2,35.860,0.85260,0.014900
2011,HONDA CIVIC HYBRID,1.300,110,4,1,F,3125,4.94,29.1,Tier 2 Cert Gasoline,210.2400000,42.0,38.000,-0.45830,0.022790
2011,HONDA CR-Z EX,1.500,122,4,6,F,3000,4.11,40.7,Tier 2 Cert Gasoline,250.8000000,35.1,25.290,0.25040,0.016150
2011,HYUNDAI SONATA HYBRID,2.400,166,4,6,F,3750,3.32,34.5,Tier 2 Cert Gasoline,234.6363902,37.6,26.800,0.15000,0.014500
2011,HYUNDAI VERACRUZ,3.800,260,6,6,4,4750,3.46,30.9,Tier 2 Cert Gasoline,457.1000000,19.3,45.699,0.59790,0.021730
2011,HYUNDAI VERACRUZ,3.800,260,6,6,F,4750,3.46,30.9,Tier 2 Cert Gasoline,455.1700000,19.3,40.243,0.54760,0.022000
2011,LOTUS Elise/Exige,1.800,190,,6,R,2375,4.53,51.0,Tier 2 Cert Gasoline,298.5350000,29.4,34.980,0.45880,0.013830
2011,LOTUS EVORA,3.500,276,6,6,R,3500,3.68,45.0,Tier 2 Cert Gasoline,328.8500000,26.8,35.980,0,0.021000
2011,Mahindra TR40,2.180,140,4,6,R,5000,4.55,35.1,Federal Cert Diesel 7-15 PPM Sulfur,503.9334591,20.2,64.089,0.28100,0.032900
2011,MASERATI GRANTURISMO,4.200,399,8,6,R,4500,3.73,32.1,Tier 2 Cert Gasoline,448.8900000,,51.860,0.09010,0.020600
2011,MASERATI GRANTURISMO S AUTOMATIC,4.700,434,8,6,R,4500,3.73,30.5,Tier 2 Cert Gasoline,429.5650000,,51.860,0.09010,0.020600
2011,MASERATI QUATTROPORTE,4.200,396,8,6,R,4750,3.54,31.4,Tier 2 Cert Gasoline,445.4660000,,59.130,0.04450,0.022400
2011,MASERATI QUATTROPORTE S,4.700,424,8,6,R,4750,3.54,31.4,Tier 2 Cert Gasoline,475.6530000,,59.130,0.04450,0.022400
2011,Mazda 6,3.700,272,6,6,F,3875,3.20,28.8,Tier 2 Cert Gasoline,360.0150000,24.7,47.510,0.31800,0.016340
2011,Mazda 6,3.700,272,6,6,F,3875,3.20,28.9,Tier 2 Cert Gasoline,342.1770000,26.0,39.880,0.33110,0.016240
2011,MAZDA CX-7,2.300,244,4,6,F,4250,3.75,30.8,Tier 2 Cert Gasoline,452.0000000,19.5,37.724,1.02043,0.018281
2011,MAZDA CX-7,2.300,244,4,6,F,4000,3.75,30.8,Tier 2 Cert Gasoline,405.0000000,21.8,35.877,0.69448,0.019941
2011,Mercedes-Benz GL 350 BLUETEC 4MATIC,2.987,210,6,7,R,6000,3.70,30.2,Federal Cert Diesel 7-15 PPM Sulfur,511.1900000,,56.891,0.56633,0.028222
2011,Mercedes-Benz GLK 350,3.498,268,6,7,R,4250,3.27,30.9,Tier 2 Cert Gasoline,413.3300000,21.4,40.170,0.57062,0.019866
2011,Mercedes-Benz ML450 HYBRID 4MATIC,3.498,275,6,1,4,5500,3.45,29.8,Tier 2 Cert Gasoline,385.8800000,22.9,40.466,0.28944,0.023290
2011,Mercedes-Benz SLS AMG,6.208,563,8,7,R,4000,3.67,33.8,Tier 2 Cert Gasoline,456.1200000,19.4,41.285,0.50218,0.017176
2011,NISSAN NISSAN ALTIMA HYBRID,2.500,158,4,1,F,3750,3.54,25.0,CARB Phase II Gasoline,264.0000000,32.7,26.520,0.13050,0.019720
2011,Porsche Cayenne,3.600,300,6,8,R,5000,3.70,53.7,Tier 2 Cert Gasoline,431.3213694,20.5,43.388,0.12301,0.027950
2011,Porsche Cayenne,3.600,300,6,6,R,5000,3.70,36.6,Tier 2 Cert Gasoline,432.4040000,20.5,44.287,0.06874,0.027950
2011,Porsche Cayenne S,4.800,400,8,8,A,5000,3.10,43.9,Tier 2 Cert Gasoline,445.1178000,20.0,43.388,0.12301,0.027950
2011,Roush Stage 3 Mustang,5.000,540,8,6,R,4250,3.73,31.0,Tier 2 Cert Gasoline,461.7000000,19.2,41.860,0.49340,0.018680
2011,LEXUS CT 200h,1.798,98,4,1,F,3500,3.27,26.9,CARB Phase II Gasoline,221.9960560,39.4,34.147,-0.13625,0.022418
2011,LEXUS LS 600h L,4.969,389,8,1,A,5500,3.92,19.4,Tier 2 Cert Gasoline,404.6156553,21.8,55.176,0.73454,0.013892
2011,SCION iQ,1.329,94,4,1,F,2375,5.40,33.2,CARB Phase II Gasoline,239.8509700,35.8,22.752,-0.07021,0.021644
2011,TOYOTA 4RUNNER 2WD,2.694,157,4,4,R,4500,4.56,37.6,Tier 2 Cert Gasoline,452.4400558,19.5,36.060,0.24107,0.031252
2011,TOYOTA CAMRY HYBRID,2.362,147,4,1,F,4000,3.54,22.1,CARB Phase II Gasoline,260.6256032,33.5,33.391,-0.03020,0.020532
2011,TOYOTA Highlander 2WD,2.672,187,4,6,F,4250,4.36,31.8,CARB Phase II Gasoline,380.0614200,22.9,33.387,-0.03273,0.030373
2011,TOYOTA HIGHLANDER HYBRID 4WD,3.456,231,6,1,F,5250,3.54,24.2,CARB Phase II Gasoline,338.3122898,25.8,38.060,0.19575,0.027580
2011,TOYOTA SIENNA,2.672,187,4,6,F,4500,4.36,32.6,CARB Phase II Gasoline,399.0053779,21.9,37.384,0.03816,0.029553
2011,TOYOTA TACOMA 2WD,2.694,159,4,4,R,3625,3.58,32.7,Tier 2 Cert Gasoline,372.7358709,23.7,31.249,0.21774,0.026841
2011,TOYOTA TACOMA 2WD,2.694,159,4,5,R,3625,3.31,34.6,Tier 2 Cert Gasoline,373.4047038,23.7,26.681,0.32130,0.026061
2011,TOYOTA TACOMA 4WD,2.694,159,4,5,P,4250,4.10,38.0,CARB Phase II Gasoline,449.9653183,19.4,34.113,0.34900,0.032945
2011,TOYOTA TACOMA 4WD,2.694,159,4,4,P,4250,4.10,33.3,Tier 2 Cert Gasoline,441.2774968,20.0,33.812,0.38145,0.032585
2011,TOYOTA VENZA,2.672,182,4,6,F,4250,4.36,31.0,Tier 2 Cert Gasoline,362.5554943,24.0,31.901,0.03223,0.026142
2011,VOLKSWAGEN Jetta,1.984,115,4,5,F,3250,3.93,36.6,Tier 2 Cert Gasoline,283.0000000,31.1,27.000,0.13400,0.016800
2011,VOLKSWAGEN Jetta,1.984,115,4,6,F,3250,3.69,35.0,Tier 2 Cert Gasoline,329.2928117,26.4,28.000,0.50600,0.013100
2011,VOLKSWAGEN JETTA SPORTWAGEN,1.968,140,,6,F,3750,3.04,32.0,Federal Cert Diesel 7-15 PPM Sulfur,280.0000000,36.3,35.000,0.18000,0.019300
2011,VOLKSWAGEN Passat,1.984,200,4,6,F,3625,3.09,39.1,Tier 2 Cert Gasoline,305.0000000,29.0,34.000,0.13400,0.017900
2011,VOLKSWAGEN Touareg,3.596,280,6,8,F,5250,3.70,44.1,Tier 2 Cert Gasoline,416.0000000,21.2,43.000,0.12300,0.027900
2011,VW Jetta,2.480,170,5,5,F,3500,3.39,31.1,Tier 2 Cert Gasoline,294.0000000,30.1,31.000,0.13400,0.017800
2011,VW Jetta,2.480,170,5,6,F,3625,3.50,32.7,Tier 2 Cert Gasoline,343.1310849,25.8,33.000,0.29300,0.017100
2011,VW Jetta,2.480,170,5,5,F,3500,3.39,31.1,Tier 2 Cert Gasoline,286.0000000,31.0,31.000,0.13400,0.017800
2011,VW Jetta,2.480,170,5,6,F,3625,3.50,32.7,Tier 2 Cert Gasoline,330.0000000,26.8,33.000,0.29300,0.017100
2011,VW Touareg,2.995,333,6,8,A,5500,3.27,26.8,Tier 2 Cert Gasoline,415.6149255,21.3,43.000,0.12300,0.027900
2011,Volvo S60 T6 AWD,2.953,300,6,6,F,4000,3.33,31.4,CARB Phase II Gasoline,355.0000000,24.7,44.240,0.41120,0.016910
2011,Volvo XC90 V8 AWD,4.414,311,8,6,A,5250,3.33,26.9,CARB Phase II Gasoline,459.0000000,19.1,63.460,0.14870,0.026220
2011,VPG MV-1,4.600,248,8,4,R,5250,3.45,28.4,Tier 2 Cert Gasoline,565.3245000,15.6,59.625,0.72480,0.028070
2012,AUDI A6,1.984,211,4,1,F,4000,3.09,24.1,Tier 2 Cert Gasoline,309,28.6,36.194,0.15554,0.016704
2012,AUDI A6,2.995,310,6,8,A,4250,2.85,24.6,Tier 2 Cert Gasoline,348,25.4,35.745,0.43044,0.01746
2012,AUDI Q7,2.967,225,6,8,A,6000,3.27,26.8,Federal Cert Diesel 7-15 PPM Sulfur,459.6908189,22.1,46,0.43,0.0272
2012,AUDI TTRS,2.48,360,5,6,F,3750,2.91,38.1,Tier 2 Cert Gasoline,366.8028954,24.1,39.342,0.28937,0.020196
2012,VOLKSWAGEN Beetle,1.984,200,4,6,F,3375,3.09,34.3,Tier 2 Cert Gasoline,311.3,28.4,31.698,0.13384,0.021825
2012,VOLKSWAGEN Eos,1.984,200,4,6,F,3500,3.14,32.4,Tier 2 Cert Gasoline,291,30.4,28.551,0.20546,0.016762
2012,VOLKSWAGEN Golf R,1.984,256,4,6,A,3625,3.27,40.8,Tier 2 Cert Gasoline,337,26.3,37.543,0.28937,0.020079
2012,VOLKSWAGEN Jetta,1.984,200,4,6,F,3500,2.92,32.9,Tier 2 Cert Gasoline,293,30.1,30.124,0.19533,0.018566
2012,BMW 328i,2,241,4,8,R,3750,3.15,28.1,Tier 2 Cert Gasoline,306.6019352,28.7,43.1,-0.347,0.02163
2012,BMW 328i,2,241,4,6,R,3625,3.15,28.1,Tier 2 Cert Gasoline,277.69,31.9,31,0.102,0.0172
2012,BMW 528i,2,241,4,8,R,4000,3.23,27.8,Tier 2 Cert Gasoline,294.19,30.1,47.8,-0.357,0.02189
2012,BMW 550i GT,4.4,400,8,8,R,5250,3.08,25.7,Tier 2 Cert Gasoline,440.94,20,60.5,-0.118,0.02317
2012,BMW ActiveHybrid 5,3,300,6,8,R,4750,2.93,25.4,Tier 2 Cert Gasoline,325.08889,27.3,48.8,-0.208,0.02071
2012,BMW Z4 sDrive28i,2,241,4,8,R,3625,3.07,28.3,Tier 2 Cert Gasoline,301.4788447,29.1,53.3,-0.498,0.02258
2012,BMW Z4 sDrive28i,2,241,4,6,R,3625,3.72,34.9,Tier 2 Cert Gasoline,283.7,31.1,37.5,0.121,0.01623
2012,Fisker Karma,2,290,4,1,R,5500,4.1,11.2,Tier 2 Cert Gasoline,428,20.7,53.7,0.621,0.0212
2012,Fiat 500,1.4,100,4,6,F,2750,2.76,41.7,Tier 2 Cert Gasoline,295.484,30.8,35.53,-0.0105,0.02176
2012,CHEVROLET VOLT,1.4,85,4,1,F,4000,2.16,92.1,Tier 2 Cert Gasoline,233.936,37.5,26.05,-0.012,0.0182
2012,HONDA CIVIC HYBRID,1.5,90,4,1,F,3125,3.94,29.1,Tier 2 Cert Gasoline,216.4760225,40.5,22.03,-0.011,0.01907
2012,HONDA CIVIC SI,2.4,201,4,6,F,3250,4.76,43.3,Tier 2 Cert Gasoline,303.0393639,29.1,26.48,0.2661,0.01712
2012,HYUNDAI Accent,1.6,138,4,6,F,2875,2.94,33.5,Tier 2 Cert Gasoline,257.0871536,34,18.95,0.225,0.01564
2012,HYUNDAI GENESIS,5,429,8,8,R,4500,3.54,26.2,Tier 2 Cert Gasoline,388.7,22.9,29.25,0.4046,0.01686
2012,HYUNDAI GENESIS R SPEC,5,429,8,8,R,4500,3.54,26.2,Tier 2 Cert Gasoline,395.3347928,22.5,34.672,0.6149,0.01546
2012,HYUNDAI Veloster,1.6,138,4,6,F,3000,3.67,38.3,Tier 2 Cert Gasoline,251.9249918,35.2,23.13,0.1428,0.01626
2012,HYUNDAI Veloster,1.6,138,4,6,F,3000,4.27,41.2,Tier 2 Cert Gasoline,243.4576,36.4,21.163,0.0919,0.01644
2012,LAMBORGHINI 834,6.498,700,12,7,R,4250,2.87,36.6,Tier 2 Cert Gasoline,545,16.3,40.915,0.01809,0.023338
2012,Lotus Evora S-IPS,3.5,345,6,6,R,3500,3.68,45,Tier 2 Cert Gasoline,330.461,26.3,36.37,0,0.0209
2012,MAZDA CX-7,2.5,161,4,5,F,3875,3.86,32.2,Tier 2 Cert Gasoline,354,24.7,27.74,0.5843,0.02018
2012,MAZDA MAZDA5,2.5,157,4,5,F,3750,3.46,33,Tier 2 Cert Gasoline,355.449209,24.2,34.059,0.18979,0.023476
2012,McLaren MP4-12C Coupe,3.798,592,8,7,R,3500,3.31,27.9,Tier 2 Cert Gasoline,417.6862369,21.2,51.53,0,0.0223
2012,Mercedes-Benz CL 550 4MATIC,4.664,429,8,7,R,5000,2.65,24.7,Tier 2 Cert Gasoline,407.44,21.8,39.259,1.04928,0.009382
2012,Mercedes-Benz CL 63 AMG,5.461,536,8,7,R,5250,2.65,24.2,Tier 2 Cert Gasoline,428.84,20.7,48.28,0.55593,0.013409
2012,Mercedes-Benz CLS 550,4.664,402,8,7,R,4500,2.47,24.1,Tier 2 Cert Gasoline,394.499384,22.5,26.693,0.7393,0.010859
2012,Mercedes-Benz CLS 550 4MATIC,4.664,402,8,7,R,4750,2.47,24.1,Tier 2 Cert Gasoline,396.95,22.4,37.823,0.78192,0.011069
2012,Mercedes-Benz CLS 63 AMG,5.461,518,8,7,R,4500,2.65,25.9,Tier 2 Cert Gasoline,390.76,22.7,33.703,0.75401,0.009945
2012,Mercedes-Benz E 550 (Convertible),4.664,402,8,7,R,4500,2.47,24.9,Tier 2 Cert Gasoline,385.5,23,35.807,0.62457,0.011307
2012,Mercedes-Benz E 550 (Coupe),4.664,402,8,7,R,4250,2.47,24.9,Tier 2 Cert Gasoline,358.4,24.8,33.761,0.60882,0.010428
2012,Mercedes-Benz E 550 4MATIC,4.664,402,8,7,R,4750,2.47,24.2,Tier 2 Cert Gasoline,380.3,23.4,36.601,0.48453,0.013374
2012,Mercedes-Benz E 63 AMG,5.461,518,8,7,R,4500,2.65,25.9,Tier 2 Cert Gasoline,385.84,23,34.347,0.68326,0.01175
2012,Mercedes-Benz E 63 AMG (Station Wagon),5.461,518,8,7,R,4750,2.65,25.9,Tier 2 Cert Gasoline,424.53,20.9,43.458,0.16573,0.019767
2012,Mercedes-Benz GLK 350,3.498,268,6,7,R,4500,3.27,29.2,CARB Phase II Gasoline,443.36,20,40.17,0.57062,0.019866
2012,Mercedes-Benz R 350 BLUETEC 4MATIC,2.987,210,6,7,R,5500,3.45,29.9,Federal Cert Diesel 7-15 PPM Sulfur,478.4154821,21.3,44.811,0.92119,0.020152
2012,Mercedes-Benz S 550,4.664,429,8,7,R,5000,2.65,24.1,Tier 2 Cert Gasoline,399.63,22.2,39.192,0.8378,0.010364
2012,Mercedes-Benz S 550 4MATIC,4.664,429,8,7,R,5250,2.65,24.7,Tier 2 Cert Gasoline,413.51,21.4,39.683,0.81909,0.012256
2012,Mercedes-Benz S 63 AMG,5.461,536,8,7,R,5250,2.65,24.2,Tier 2 Cert Gasoline,420.65,21,42.405,0.86744,0.00959
2012,Mercedes-Benz SLK 55 AMG,5.461,416,8,7,R,3875,2.82,28.4,Tier 2 Cert Gasoline,351.03,25.4,30.554,0.66434,0.010684
2012,Mercedes-Benz smart fortwo (Coupe),0.999,70,3,5,R,2125,4.53,49.1,Tier 2 Cert Gasoline,235.74,36.7,17.544,0.29748,0.016833
2012,Porsche Cayenne,3.6,300,6,8,R,5000,3.7,53.7,Tier 2 Cert Gasoline,412.65,21.5,43.388,0.12301,0.02795
2012,Roush Stage 3 Mustang,5,540,8,6,R,4250,3.15,27.3,Tier 2 Cert Gasoline,399.3,21.7,43.84,0.1214,0.02334
2012,TOYOTA FJ CRUISER 2WD,3.956,260,6,5,R,4500,3.73,29.2,Tier 2 Cert Gasoline,450.9359554,19.6,35.373,0.38634,0.032941
2012,TOYOTA FJ CRUISER 4WD,3.956,260,6,5,R,4750,3.73,29.2,Tier 2 Cert Gasoline,475.9880331,18.5,42.131,0.39814,0.033709
2012,TOYOTA FJ CRUISER 4WD,3.956,260,6,6,R,4750,3.91,34.2,CARB Phase II Gasoline,516.2680084,16.9,44.469,0.5415,0.033207
2012,TOYOTA PRIUS c,1.497,82,4,1,F,2750,3.19,28,Tier 2 Cert Gasoline,216.8729752,41,20.743,0.19359,0.016162
2012,TOYOTA PRIUS c,1.497,82,4,1,F,2750,3.19,27.8,Tier 2 Cert Gasoline,209.3795917,42.6,17.919,0.1818,0.015557
2012,TOYOTA PRIUS Plug-in Hybrid,1.798,98,4,1,F,3500,3.27,25.4,CARB Phase II Gasoline,192.4553382,45.4,22.883,-0.15919,0.020143
2012,TOYOTA PRIUS Plug-in Hybrid,1.798,98,4,1,F,3500,3.27,25.4,Tier 2 Cert Gasoline,187.4788977,47.6,22.883,-0.15919,0.020143
2012,AUDI A8L,6.299,500,12,8,F,5000,2.88,39.1,Tier 2 Cert Gasoline,460,19.3,50.132,0.39789,0.017926
2012,VOLKSWAGEN Beetle,1.984,200,4,6,F,3375,3.09,33.3,Tier 2 Cert Gasoline,313,28.3,31.698,0.13384,0.021825
2012,VOLKSWAGEN Beetle,2.48,170,5,5,F,3375,3.65,31.7,Tier 2 Cert Gasoline,310,28.6,28.101,0.13384,0.021592
2012,Volkswagen Beetle,2.48,170,5,6,F,3375,3.5,31,Tier 2 Cert Gasoline,329,27,28.101,0.29299,0.020952
2012,VOLKSWAGEN Beetle,2.48,170,5,6,F,3375,3.5,31,Tier 2 Cert Gasoline,329,27,28.101,0.29299,0.020952
2012,VOLKSWAGEN Beetle,2.48,170,5,5,F,3375,3.65,31.7,Tier 2 Cert Gasoline,311,28.5,28.101,0.13384,0.021592
2012,Volkswagen CC,1.984,200,4,6,F,3625,3.14,32.4,Tier 2 Cert Gasoline,307,28.4,36,0.29,0.0165
2012,Volkswagen Eos,1.984,200,4,6,F,3875,3.14,32.4,Tier 2 Cert Gasoline,314,27.9,39,0.29,0.0171
2012,VOLKSWAGEN Eos,1.984,200,4,6,F,3500,3.14,32.4,Tier 2 Cert Gasoline,301,29.4,28.551,0.20546,0.016762
2012,VOLKSWAGEN Jetta,1.984,200,4,6,F,3500,2.92,32.8,Tier 2 Cert Gasoline,295,30,30.124,0.19533,0.018566
2012,VOLKSWAGEN NMS,2.48,170,5,6,F,3625,3.5,31,Tier 2 Cert Gasoline,318,27.9,30.574,0.5064,0.013328
2012,VOLKSWAGEN NMS,2.48,170,5,6,F,3625,3.5,31,Tier 2 Cert Gasoline,314,28.2,30.574,0.5064,0.013328
2012,VOLKSWAGEN NMS,2.48,170,5,5,F,3625,3.65,31.7,Tier 2 Cert Gasoline,298,29.7,29.9,0.13384,0.017169
2012,VOLKSWAGEN NMS,2.48,170,5,5,F,3625,3.65,31.9,Tier 2 Cert Gasoline,298,29.8,29.9,0.13384,0.017169
2012,VOLKSWAGEN Passat,3.596,280,6,6,F,3750,3.44,31.1,Tier 2 Cert Gasoline,341,26,33.721,0.28937,0.017868
2012,VOLKSWAGEN Passat,1.968,140,4,6,F,3750,2.92,27.6,Federal Cert Diesel 7-15 PPM Sulfur,262,38.8,31.024,0.13384,0.01746
2012,VOLKSWAGEN Passat,1.968,140,4,6,F,3750,3.04,30.3,Federal Cert Diesel 7-15 PPM Sulfur,274.6944017,37,31.473,0.28937,0.016005
2012,Volvo C70 T5 FWD,2.521,227,5,5,F,4250,2.27,31.6,CARB Phase II Gasoline,358.6322603,24,31.72,0.2538,0.01895
2012,Volvo S60 T5 FWD,2.521,250,5,6,F,3875,3.2,30,CARB Phase II Gasoline,324,27.1,32.15,0.1109,0.01999
2013,AUDI A4,1.984,211,4,1,F,3875,4.61,23.3,Tier 2 Cert Gasoline,325,27.2,36.644,0.24235,0.017344
2013,AUDI A4,1.984,211,4,6,F,4000,3.69,31.2,Tier 2 Cert Gasoline,308,28.7,36.194,0.32916,0.017635
2013,AUDI A5,1.984,211,4,8,F,4000,2.85,26,Tier 2 Cert Gasoline,324,27.4,36.869,0.44491,0.017402
2013,AUDI A6,2.995,333,6,8,A,4500,2.85,24.6,Tier 2 Cert Gasoline,362,24.4,35.745,0.43044,0.01746
2013,AUDI A6 quattro,1.984,211,4,8,A,4250,3.08,26.9,Tier 2 Cert Gasoline,343,25.7,34.396,0.43044,0.01746
2013,AUDI A8,2.995,333,6,8,F,4750,3.2,26.8,Tier 2 Cert Gasoline,363,24.3,40.915,0.25393,0.017577
2013,AUDI A8,3.993,420,8,8,A,4750,3.2,26.8,Tier 2 Cert Gasoline,356,25,46.76,0.39789,0.015831
2013,AUDI Q5,2.995,272,6,8,F,4750,3.2,25.7,Tier 2 Cert Gasoline,387,22.9,50.582,0.18448,0.023222
2013,AUDI Q5,1.984,211,4,8,A,4500,3.76,30.3,Tier 2 Cert Gasoline,355,25,35.969,0.49555,0.020079
2013,AUDI Q5 Hybrid,1.984,211,4,8,A,4750,3.76,30.3,Tier 2 Cert Gasoline,323,27.5,47.21,-0.217,0.027063
2013,AUDI Q7,2.967,240,6,8,A,6000,3.27,26.8,Federal Cert Diesel 7-15 PPM Sulfur,402,25.3,44.962,0.43406,0.02718
2013,AUDI RS5,4.163,450,8,7,A,4750,4.38,35.7,Tier 2 Cert Gasoline,414,21.3,47.21,0.34725,0.020487
2013,AUDI S5,2.995,333,6,7,F,4250,3.88,32.7,Tier 2 Cert Gasoline,356,24.9,41.59,0.34725,0.01682
2013,AUDI S5,2.995,333,6,6,F,4250,3.68,39.1,Tier 2 Cert Gasoline,363,24.5,40.915,0.31469,0.016995
2013,AUDI S7,3.993,420,8,7,A,4750,4.09,27.6,Tier 2 Cert Gasoline,375,23.7,44.962,0.36895,0.018217
2013,AUDI S8,3.993,520,8,8,A,5000,3.2,26.5,Tier 2 Cert Gasoline,394,22.5,47.435,0.39789,0.016413
2013,BENTLEY Continental GT,3.993,500,8,8,A,6000,2.85,23.4,Tier 2 Cert Gasoline,421,21.2,54.853,0.04883,0.022116
2013,BENTLEY Continental GT,5.998,616,12,8,F,6000,2.85,24.9,Tier 2 Cert Gasoline,510,17.4,54.853,0.04883,0.022116
2013,BMW ActiveHybrid 7,3,300,6,8,R,5000,3.08,25.7,Tier 2 Cert Gasoline,327.44,27.2,51.1,-0.2,0.02083
2013,SRT Viper,8.4,640,10,6,R,3750,3.55,28.6,Tier 2 Cert Gasoline,489.588,18.1,41.37,0.4044,0.01893
2013,FORD MKT,3.7,300,6,6,A,7000,3.65,32.4,Tier 2 Cert Gasoline,553.77,16,53.75,0.513,0.02633
2013,CHEVROLET CAPRICE PPV,6,356,8,6,R,4500,2.92,24.9,Tier 2 Cert Gasoline,446.685,19.7,48.712,1.05281,0.011459
2013,ACURA ILX,2.4,201,4,6,F,3375,4.76,43.3,Tier 2 Cert Gasoline,292.25,30.1,24.93,0.2001,0.01815
2013,ACURA ILX HYBRID,1.5,110,4,1,F,3250,4.2,30.9,Tier 2 Cert Gasoline,231.66,37.9,30.04,0.0232,0.01968
2013,ACURA ILX HYBRID,1.5,110,4,1,F,3250,4.2,30.9,Tier 2 Cert Gasoline,237.47,37.2,30.04,0.0232,0.01968
2013,Hyundai Santa Fe,3.3,290,6,6,4,4500,3.04,28,Tier 2 Cert Gasoline,423.6213434,20.8,39.46,0.5549,0.02182
2013,HYUNDAI Veloster,1.6,201,4,6,F,3250,3.32,35.7,Tier 2 Cert Gasoline,285.1426296,31.1,25.328,0.12852,0.016216
2013,HYUNDAI Veloster,1.6,201,4,6,F,3125,4.47,39.4,Tier 2 Cert Gasoline,277.146,32,24.675,0.10382,0.016325
2013,Jaguar XF,2,240,4,8,R,4250,2.73,23.7,Tier 2 Cert Gasoline,335.98,26.4,36.91,0.3681,0.017944
2013,LAMBORGHINI AVENTADOR,6.498,700,12,7,R,4250,2.87,36.6,Tier 2 Cert Gasoline,590.8789553,15,40.915,0.01809,0.023338
2013,Mercedes-Benz C 300 4MATIC,3.498,248,6,7,R,4000,2.87,28.9,Tier 2 Cert Gasoline,347.26,25.6,45.65,0.512,0.014109
2013,Mercedes-Benz C 350,3.498,302,6,7,R,4000,2.82,28.7,Tier 2 Cert Gasoline,342.18,26,30.48,0.36553,0.014929
2013,Mercedes-Benz E 350,3.498,302,6,7,R,4500,2.82,28.1,Tier 2 Cert Gasoline,344.63,25.9,28.149,0.47511,0.012722
2013,Mercedes-Benz E 350 (Coupe),3.498,302,6,7,R,4000,2.82,28.4,Tier 2 Cert Gasoline,336.72,26.5,33.761,0.60882,0.010428
2013,Mercedes-Benz E 350 4MATIC,3.498,302,6,7,R,4500,2.87,28.1,Tier 2 Cert Gasoline,359.32,24.9,36.601,0.48453,0.013374
2013,Mercedes-Benz E 350 4MATIC (Coupe),3.498,302,6,7,R,4250,2.87,28.9,Tier 2 Cert Gasoline,342.9,26,39.692,0.55825,0.011342
2013,Mercedes-Benz E 400 HYBRID,3.498,302,6,7,R,4500,2.82,28.1,Tier 2 Cert Gasoline,322.35,27.4,29.326,0.53998,0.01175
2013,Mercedes-Benz GL 450 4MATIC,4.664,362,8,7,R,6000,3.46,28.3,Tier 2 Cert Gasoline,521.42,17,47.569,0.93096,0.020664
2013,Mercedes-Benz GL 550 4MATIC,4.664,429,8,7,R,6000,3.46,28.8,Tier 2 Cert Gasoline,532.22,16.7,54.482,0.93096,0.022242
2013,Mercedes-Benz GL 63 AMG,5.461,536,8,7,R,6000,4.11,33.6,Tier 2 Cert Gasoline,638.69,13.9,57.977,0.5866,0.043325
2013,Mercedes-Benz GL 63 AMG,5.461,518,8,7,R,6000,3.47,28.8,Tier 2 Cert Gasoline,566.33,15.6,54.482,0.92439,0.022242
2013,Mercedes-Benz GLK 350,3.498,302,6,7,R,4500,2.82,25.1,Tier 2 Cert Gasoline,386.82,22.9,40.17,0.57062,0.019866
2013,Mercedes-Benz GLK 350 4MATIC,3.498,302,6,7,R,4500,3.27,29.1,Tier 2 Cert Gasoline,398.39,22.3,42.007,0.63585,0.02088
2013,Mercedes-Benz ML 550 4MATIC,4.664,402,8,7,R,5500,3.46,30,Tier 2 Cert Gasoline,488.92,18.1,42.613,0.9839,0.017898
2013,Mercedes-Benz ML 63 AMG,5.461,518,8,7,R,5500,3.47,29.7,Tier 2 Cert Gasoline,551.62,16,44.937,1.22124,0.016949
2013,Mercedes-Benz SL 550,4.664,429,8,7,R,4250,2.65,25.9,Tier 2 Cert Gasoline,382.7,23.1,34.631,0.67094,0.011401
2013,Mercedes-Benz SL 63 AMG,5.461,536,8,7,R,4500,2.65,25,Tier 2 Cert Gasoline,385.12,23.1,37.447,0.63399,0.011302
2013,NISSAN NISSAN NV200 Cargo Van S,2,128,4,1,F,3500,5.41,31,Tier 2 Cert Gasoline,363,24.2,39.59,0.0578,0.02654
2013,Porsche Cayenne GTS,4.8,420,8,8,R,5250,3.7,52.1,Tier 2 Cert Gasoline,478.23,18.6,43.388,0.12301,0.02795
2013,Rolls Royce Ghost EWB,6.6,563,12,8,R,6000,2.81,22.3,Tier 2 Cert Gasoline,469.58,18.6,55.4,-0.237,0.02589
2013,Rolls Royce Phantom EWB,6.7,453,12,8,R,6500,3.15,35.1,Tier 2 Cert Gasoline,538.77,16.3,60.3,-0.147,0.02955
2013,LEXUS ES 300h,2.494,154,4,1,F,4000,3.54,24.4,Tier 2 Cert Gasoline,249.8110679,35.6,25.778,0.23819,0.016296
2013,LEXUS GS 350,3.456,306,6,6,R,4000,3.62,27.9,Tier 2 Cert Gasoline,341.4591684,26.1,38.287,0.19149,0.018251
2013,LEXUS GS 350 AWD,3.456,306,6,6,R,4250,3.77,29,CARB Phase II Gasoline,366.189697,23.9,50.896,0.33368,0.018589
2013,LEXUS GS 450h,3.456,286,6,1,R,4500,3.27,18,CARB Phase II Gasoline,287.556771,30.4,54.216,0.07307,0.018635
2013,LEXUS GS 450h,3.456,286,6,1,R,4500,3.27,18,Tier 2 Cert Gasoline,271.9626487,32.7,44.482,0.10309,0.018606
2013,TOYOTA FJ CRUISER 2WD,3.956,260,6,5,R,4500,3.73,29.2,Tier 2 Cert Gasoline,455.2171865,19.6,35.373,0.38634,0.032941
2013,TOYOTA FJ CRUISER 4WD,3.956,260,6,5,R,4750,3.73,29.2,Tier 2 Cert Gasoline,468.6444607,18.8,42.131,0.39814,0.033709
2013,TOYOTA FJ CRUISER 4WD,3.956,260,6,6,R,4750,3.91,34.2,CARB Phase II Gasoline,508.285125,17.1,44.471,0.54152,0.033209
2013,TOYOTA TACOMA 2WD,2.694,159,4,4,R,3625,3.58,32.7,Tier 2 Cert Gasoline,378.3819691,23.4,31.25,0.21775,0.026842
2013,TOYOTA TACOMA 2WD,2.694,159,4,5,R,3625,3.31,34.6,CARB Phase II Gasoline,369.8743382,23.6,26.682,0.32131,0.026062
2013,TOYOTA TACOMA 4WD,2.694,159,4,4,R,4250,4.1,32.8,Tier 2 Cert Gasoline,448.3155279,19.7,33.813,0.38146,0.032586
2013,TOYOTA TACOMA 4WD,2.694,159,4,5,R,4250,4.1,37.5,CARB Phase II Gasoline,447.9154548,19.5,34.114,0.34902,0.032947
2013,TOYOTA VENZA,2.672,181,4,6,F,4250,4.36,31,Tier 2 Cert Gasoline,375.018269,23.2,31.902,0.03223,0.026143
2013,TOYOTA VENZA AWD,2.672,181,4,6,F,4250,4.36,31,CARB Phase II Gasoline,370.9030359,23,37.342,0.0331,0.026597
2013,AUDI Audi A8 W12,6.299,500,12,8,F,5250,2.88,39.1,Tier 2 Cert Gasoline,463,19.1,50.132,0.39789,0.017926
2013,VOLKSWAGEN Jetta Hybrid,1.395,150,4,7,F,3625,3.23,29.2,Tier 2 Cert Gasoline,205,43.5,27.876,0.05426,0.01618
2013,VOLKSWAGEN Passat,1.984,200,4,6,F,3625,2.92,33,Tier 2 Cert Gasoline,307,28.6,33.721,0.13384,0.017926
2013,VOLKSWAGEN Passat wagon,1.984,200,4,6,F,3625,2.92,32.5,Tier 2 Cert Gasoline,298,29.6,33.721,0.13384,0.017926
2013,Volvo S60 T5 AWD,2.497,250,5,6,F,4000,3.33,31.2,CARB Phase II Gasoline,319,27.4,39.01,0.3543,0.01693
2013,Volvo S60 T5 FWD,2.497,250,5,6,F,3875,3.2,30,CARB Phase II Gasoline,311,28.1,32.15,0.1109,0.01999
2013,Volvo XC70 3.2 AWD,3.192,240,6,6,F,4250,3.75,33.2,CARB Phase II Gasoline,372,23.5,37.82,0.3062,0.02198
2013,Volvo XC70 3.2 AWD PZEV,3.192,230,6,6,F,4250,3.75,33.2,CARB Phase II Gasoline,379,23,37.82,0.3062,0.02198
2013,VPG MV-1,4.6,248,8,4,R,5250,3.45,28.4,Indolene 30,538.4,16.3,37.57,0.7679,0.0296
2014,AUDI A7,2.967,240,6,8,A,4500,2.52,21.8,Federal Cert Diesel 7-15 PPM Sulfur,297,34.3,36.644,0.39789,0.016587
2014,AUDI A8,2.967,240,,8,A,5000,2.62,21.9,Federal Cert Diesel 7-15 PPM Sulfur,319,31.9,40.69,0.36172,0.014957
2014,AUDI Q5,2.967,240,6,8,A,4750,3.08,24.7,Federal Cert Diesel 7-15 PPM Sulfur,358,28.4,42.039,0.43406,0.023338
2014,AUDI R8,4.163,430,,7,A,4000,3.59,31.6,Tier 2 Cert Gasoline,425,20.9,46.086,0.28214,0.01845
2014,AUDI R8,5.204,525,10,7,A,4250,3.59,31.6,Tier 2 Cert Gasoline,425,21,47.435,0.28214,0.018566
2014,AUDI RS7,3.993,560,8,8,A,4750,3.08,27.2,Tier 2 Cert Gasoline,378,23.6,62.947,0.02532,0.019439
2014,AUDI SQ5,2.995,354,6,8,F,4750,3.2,25.9,Tier 2 Cert Gasoline,428.6321451,20.5,52.156,0.13384,0.025026
2014,BMW I3 REX,0.6,11,2,1,R,3375,9.7,123,Tier 2 Cert Gasoline,227.82,38.8,23.7,0.346,0.01675
2014,BMW I8,1.5,231,3,6,4,3750,3.68,30.9,Tier 2 Cert Gasoline,296.88,29.9,35.4,0.165,0.01527
2014,Fiat Alfa 4c,1.8,237,4,6,R,2750,2.56,21.7,Tier 2 Cert Gasoline,274.8182762,32.3,37.63,0.034,0.01891
2014,Dodge Challenger,6.4,470,8,6,R,4500,3.92,29.6,Tier 2 Cert Gasoline,428.408,20.7,44.49,0.1389,0.02427
2014,Dodge Challenger,5.7,375,8,6,R,4500,3.92,29.9,Tier 2 Cert Gasoline,413.265,21.5,43.61,0.1287,0.02444
2014,Dodge Challenger,6.4,460,8,5,R,4750,3.06,30.7,Tier 2 Cert Gasoline,426.836,20.8,38.64,0.8245,0.01411
2014,HONDA ACCORD HYBRID,2,196,4,1,F,3875,3.42,36.7,Tier 2 Cert Gasoline,205.76,43,22.24,0.0046,0.01846
2014,HONDA CIVIC SI,2.4,201,4,6,F,3250,4.76,43.3,Tier 2 Cert Gasoline,299.32,29.6,27.9,0.2877,0.01703
2014,HYUNDAI Genesis Coupe,3.8,348,6,6,R,3875,3.54,36.5,Tier 2 Cert Gasoline,383.4408,22.8,40.09,0.42569,0.018157
2014,HYUNDAI Genesis Coupe,3.8,348,6,8,R,3875,3.91,28.7,Tier 2 Cert Gasoline,376.4183,23.2,50.773,0.48032,0.014667
2014,Hyundai Santa Fe Ultimate,3.3,290,6,6,F,4500,3.04,28,Tier 2 Cert Gasoline,422.8205,20.9,31.114,0.52694,0.024843
2014,Hyundai Santa Fe Ultimate,3.3,290,6,6,A,4750,3.04,28,Tier 2 Cert Gasoline,448.6178,19.7,43.633,0.41417,0.025641
2014,Kia Cadenza,3.3,293,6,6,F,4000,3.04,30.5,Tier 2 Cert Gasoline,345.7012,25.6,34.221,0.66002,0.013008
2014,Kia Sorento,2.4,191,4,6,4,4000,3.65,33.9,Tier 2 Cert Gasoline,400.9872177,21.7,40.076,0.285,0.0246
2014,McLaren P1,3.799,904,8,7,R,3625,3.31,27.9,Tier 2 Cert Gasoline,418.9799633,21.2,45.1,0.5643,0.0161
2014,Mercedes-Benz C 350,3.498,302,6,7,R,4000,2.82,28.7,Tier 2 Cert Gasoline,329.43,26.9,30.48,0.36553,0.014929
2014,Mercedes-Benz E 350,3.498,302,6,7,R,4500,2.82,28.1,Tier 2 Cert Gasoline,340.52,26.2,33.047,0.66932,0.01147
2014,Mercedes-Benz E 350 (convertible),3.498,302,6,7,R,4500,2.82,28.4,Tier 2 Cert Gasoline,348.97,25.2,35.807,0.62457,0.011307
2014,Mercedes-Benz E 350 (coupe),3.498,302,6,7,R,4250,2.82,28.4,Tier 2 Cert Gasoline,343.1,25.8,33.761,0.60882,0.010428
2014,Mercedes-Benz E 350 (coupe),3.498,302,6,7,R,4250,2.82,28.4,Tier 2 Cert Gasoline,332.27,26.7,33.761,0.60882,0.010428
2014,Mercedes-Benz E 350 4MATIC,3.498,302,6,7,R,4500,2.87,28.1,Tier 2 Cert Gasoline,368.59,24.2,39.29,0.59942,0.01381
2014,Mercedes-Benz E 350 4MATIC (coupe),3.498,302,6,7,R,4250,2.87,28.9,Tier 2 Cert Gasoline,344.01,25.9,38.112,0.64208,0.010789
2014,Mercedes-Benz S 550,4.664,449,8,7,R,5000,2.65,24.1,Tier 2 Cert Gasoline,390.89,22.8,29.798,0.80002,0.01083
2014,Mercedes-Benz S 550 4MATIC,4.664,449,8,7,R,5250,2.65,24.1,Tier 2 Cert Gasoline,390.23,22.8,38.027,0.67718,0.010894
2014,Mercedes-Benz S 63 AMG 4MATIC,5.461,577,8,7,R,5250,2.65,24.1,Tier 2 Cert Gasoline,423.93,21.1,40.276,0.71616,0.011622
2014,NISSAN NISSAN GT-R,3.8,530,6,6,R,4250,3.7,36.5,Tier 2 Cert Gasoline,402,22.1,35.33,0.2551,0.01913
2014,LEXUS GS 350,3.456,306,6,8,R,4000,2.94,26.4,Tier 2 Cert Gasoline,341.6380123,25.8,36.38,0.27544,0.016924
2014,LEXUS IS 350,3.456,306,6,8,R,4000,3.13,29.6,Tier 2 Cert Gasoline,348.9625625,25.2,33.408,0.29064,0.017908
2014,LEXUS IS 350 AWD,3.456,306,6,6,R,4250,3.77,30.5,CARB Phase II Gasoline,381.0233325,22.9,48.897,0.28846,0.01927
2014,LEXUS IS 350 AWD,3.456,306,6,6,R,4250,3.77,30.5,Tier 2 Cert Gasoline,367.6041009,23.9,41.027,0.30536,0.019439
2014,TOYOTA HIGHLANDER,2.672,185,4,6,F,4500,4.36,31,CARB Phase II Gasoline,388.8461536,22.5,34.096,-0.07401,0.031014
2014,TOYOTA HIGHLANDER HYBRID AWD,3.456,245,6,1,F,5250,3.54,24.6,Tier 2 Cert Gasoline,341.6118825,25.8,32.388,0.8298,0.017437
2014,VOLKSWAGEN Beetle,1.984,208,4,6,F,3625,3.14,31.2,Tier 2 Cert Gasoline,314.2450592,28.4,37.318,0.06149,0.02328
2014,VOLKSWAGEN Beetle,1.984,208,4,6,F,3625,3.09,32.9,Tier 2 Cert Gasoline,305,29.2,30.574,0.14469,0.02328
2014,VOLKSWAGEN Beetle,1.984,208,4,6,F,3625,3.09,32.9,Tier 2 Cert Gasoline,308,29,30.574,0.14469,0.02328
2014,VOLKSWAGEN Beetle,1.984,208,4,6,F,3625,3.14,31.2,Tier 2 Cert Gasoline,327,27.3,37.318,0.06149,0.02328
2014,VOLKSWAGEN Jetta,1.984,210,4,6,F,3500,2.92,32.9,Tier 2 Cert Gasoline,293,30.5,34.171,0.14469,0.018391
2014,VOLKSWAGEN Jetta,1.984,210,4,6,F,3500,2.92,32.9,Tier 2 Cert Gasoline,287,31.2,34.171,0.14469,0.018391
2014,VOLKSWAGEN Jetta,1.798,170,4,6,F,3375,3.23,30.1,Tier 2 Cert Gasoline,270,33.1,32.148,0.26767,0.015947
2014,VOLKSWAGEN Jetta,1.798,170,4,6,F,3375,3.23,30.1,Tier 2 Cert Gasoline,273,32.7,32.148,0.26767,0.015947
2014,VOLKSWAGEN Jetta,1.798,170,4,5,F,3375,3.39,31,Tier 2 Cert Gasoline,270,33.1,30.124,0.24959,0.016413
2014,VOLKSWAGEN Jetta,1.798,170,4,5,F,3375,3.39,31,Tier 2 Cert Gasoline,268,33.3,30.124,0.24959,0.016413
2014,VOLKSWAGEN Passat,1.984,200,4,6,F,3625,2.92,33,Tier 2 Cert Gasoline,307,28.6,33.721,0.13384,0.017926
2014,VOLKSWAGEN Passat,1.798,170,4,5,F,3500,3.65,31.7,Tier 2 Cert Gasoline,279,32,30.124,0.26044,0.016878
2014,VOLKSWAGEN Passat,1.798,170,4,5,F,3500,3.65,31.9,Tier 2 Cert Gasoline,277,32.3,30.124,0.26044,0.016878
2014,VOLKSWAGEN Passat,1.798,170,4,6,F,3625,3.23,28.6,Tier 2 Cert Gasoline,295,30.3,33.272,0.27491,0.017111
2014,VOLKSWAGEN Passat,1.798,170,4,6,F,3625,3.23,28.6,Tier 2 Cert Gasoline,292.2357125,30.4,33.272,0.27491,0.017111
2014,Volvo XC60 3.2 AWD,3.192,240,6,6,F,4500,3.75,30.8,CARB Phase II Gasoline,380,22.9,37.774,0.59327,0.018839
2014,Volvo XC60 3.2 AWD PZEV,3.192,230,6,6,F,4500,3.75,30.8,CARB Phase II Gasoline,373,23.3,37.774,0.59327,0.018839
2014,Volvo XC60 T6 AWD,2.953,300,6,6,F,4500,3.75,30.8,CARB Phase II Gasoline,398,21.9,37.774,0.59327,0.018839
2014,Volvo XC70 3.2 AWD,3.192,240,6,6,F,4250,3.75,33,CARB Phase II Gasoline,358,24.3,38.063,0.38347,0.01926
2014,Volvo XC70 3.2 AWD PZEV,3.192,230,6,6,F,4250,3.75,33,CARB Phase II Gasoline,368,23.7,38.063,0.38347,0.01926
2014,Volvo XC70 T6 AWD,2.953,300,6,6,F,4500,3.46,30.3,CARB Phase II Gasoline,371,23.5,39.609,0.38847,0.019277
2015,BENTLEY Continental GT,3.993,520,8,8,A,6000,2.85,23.4,Tier 2 Cert Gasoline,429,20.6,54.853,0.04883,0.022116
2015,BMW 535d xDrive,3,255,6,8,R,4500,2.47,21.4,Federal Cert Diesel 7-15 PPM Sulfur,302.13,33.5,56,-0.2,0.01951
2015,BMW 740Ld xDrive,3,255,6,8,R,5000,2.56,21.4,Federal Cert Diesel 7-15 PPM Sulfur,360.95,28.2,58.3,-0.2,0.02209
2015,BMW X5 xDrive 35d,3,255,6,8,R,5250,3.15,24.1,Federal Cert Diesel 7-15 PPM Sulfur,366.43,27.8,55.3,-0.357,0.02937
2015,Dodge Challenger SRT8,6.2,707,8,6,R,4750,3.7,28,Tier 2 Cert Gasoline,451.583,19.5,40.41,0.4837,0.02208
2015,Dodge Challenger SRT8,6.2,707,8,8,R,4750,2.62,21.1,Tier 2 Cert Gasoline,438.965,20.2,53.52,-0.052,0.02757
2015,SRT Viper,8.4,645,10,6,R,3750,3.55,22.7,Tier 2 Cert Gasoline,445.913,19.8,40.57,0.4139,0.01877
2015,Ford Mustang,5,420,8,6,R,4000,3.31,27.4,Tier 2 Cert Gasoline,381.253,23.3,33.81,0.3192,0.01795
2015,Hyundai Elantra,2,173,4,6,F,3250,3.07,33.2,Tier 2 Cert Gasoline,274.8773,32.5,29.598,0.14443,0.018157
2015,Hyundai Elantra,2,173,4,6,F,3125,4.33,38.4,Tier 2 Cert Gasoline,276.9733,32,24.954,0.30209,0.016966
2015,Hyundai Elantra,2,166,4,6,F,3250,3.07,33.2,Tier 2 Cert Gasoline,282.8472,31.5,29.598,0.14443,0.018157
2015,Hyundai Elantra Coupe,2,173,4,6,F,3125,3.07,33.2,Tier 2 Cert Gasoline,276.4371,32.4,35.41,0.24609,0.016316
2015,Hyundai Elantra Coupe,2,173,4,6,F,3125,4.33,38.4,Tier 2 Cert Gasoline,272.6076,32.5,28.992,0.32763,0.016119
2015,KIA Forte,2,173,4,6,F,3250,3.06,33.1,Tier 2 Cert Gasoline,277.4531,32.2,31.309,0.24138,0.015548
2015,KIA Forte,2,166,4,6,F,3250,3.06,33.1,Tier 2 Cert Gasoline,295.3028,29.5,31.309,0.24138,0.015548
2015,KIA Forte 5,2,173,4,6,F,3250,3.06,33.1,Tier 2 Cert Gasoline,284.8841,31,26.627,0.36472,0.01764
2015,KIA Forte Koup,2,173,4,6,F,3125,3.2,34.5,Tier 2 Cert Gasoline,278.6561,31.8,30.486,0.22333,0.017297
2015,KIA Forte Koup,2,173,4,6,F,3125,4.19,44.3,Tier 2 Cert Gasoline,278.0762,31.7,27.769,0.27612,0.017003
2015,Mercedes-Benz ML 250 BlueTEC 4MATIC,2.143,201,4,7,R,5500,3.27,28.4,Federal Cert Diesel 7-15 PPM Sulfur,388.17,26.2,42.866,0.98974,0.018003
2015,NISSAN NISSAN NV200 NYC Taxi STD,2,135,4,1,F,3875,4.83,26.1,Tier 2 Cert Gasoline,363,24.3,38.48,0.0578,0.02654
2015,Quantum Impala Impala dual fuel,3.6,262,6,6,F,4500,2.77,26,CARB Phase II Gasoline,388.5249301,22.2,38.81,0.2741,0.01783
2015,LEXUS RC F,4.969,467,8,8,R,4250,2.94,26.2,Tier 2 Cert Gasoline,370.5714577,23.8,42.522,0.34167,0.019229
2015,TOYOTA HIGHLANDER HYBRID AWD,3.456,245,6,1,F,5250,3.54,24.7,CARB Phase II Gasoline,374.830263,23.3,31.65,0.85078,0.017274
2015,AUDI A3,1.798,170,4,6,F,3750,3.04,32.4,Tier 2 Cert Gasoline,280,31.5,38.667,0.14469,0.016529
2015,AUDI A3,1.984,220,4,6,F,3875,3.44,30.8,Tier 2 Cert Gasoline,306,28.9,40.915,0.21703,0.017111
2015,AUDI A8,2.995,333,6,8,F,4750,3.2,26.8,Tier 2 Cert Gasoline,348,25.4,45.636,0.24705,0.017344
2015,AUDI A8,3.993,435,8,8,A,5000,3.2,26.8,Tier 2 Cert Gasoline,342,25.8,47.21,0.24597,0.017926
2015,AUDI A8L,6.3,500,12,8,F,5250,2.88,34.9,Tier 2 Cert Gasoline,446,19.8,55.078,0.18809,0.018741
2015,AUDI Q3,1.984,200,4,6,A,4000,3.45,30.9,Tier 2 Cert Gasoline,343,25.6,37.093,0.43442,0.019846
2015,AUDI S3,1.984,292,4,6,F,3750,3.44,39.2,Tier 2 Cert Gasoline,308,28.8,39.566,0.21703,0.017227
2015,AUDI S8,3.993,520,8,8,A,5000,3.2,26.5,Tier 2 Cert Gasoline,368,24,47.435,0.39789,0.016413
2015,BENTLEY Continental GT3-R,3.993,572,8,8,A,5250,3.5,27.9,Tier 2 Cert Gasoline,435,20.4,52.156,0.04883,0.02136
2015,LAMBORGHINI Huracan,5.204,610,10,7,A,3750,3.94,42.8,Tier 2 Cert Gasoline,445,19.8,44.063,0.32193,0.016413
2015,VOLKSWAGEN GTI,1.984,211,4,6,F,3500,3.44,30.8,Tier 2 Cert Gasoline,290,30.5,34.463,0.19533,0.018508
2015,VOLKSWAGEN GTI,1.984,211,4,6,F,3375,2.62,33.4,Tier 2 Cert Gasoline,272,32.5,27.899,0.36533,0.016878
2015,Volvo S60 T6 AWD,2.953,300,6,6,F,4000,3.33,30.2,CARB Phase II Gasoline,338,25.8,32.588,0.43092,0.015826
2015,Volvo V60 CC T5 AWD,2.497,250,5,6,F,4250,3.46,30.3,CARB Phase II Gasoline,341,25.6,38.376,0.38496,0.018143
2015,Volvo V60 Polestar T6 AWD,2.953,345,6,6,F,4250,3.33,29.7,CARB Phase II Gasoline,348,25.2,38.769,0.52603,0.015618
2015,Volvo XC60 T5 AWD,2.497,250,5,6,F,4500,3.75,30.8,CARB Phase II Gasoline,380.1797662,22.8,37.774,0.59327,0.018839
2016,BMW 328d xDrive,2.000,181,4,8,R,4000,2.81,25.1,Federal Cert Diesel 7-15 PPM Sulfur,269.1900000,37.8,49.100,-0.35700,0.022900
2016,BMW X5 xDrive40e,2.000,240,4,8,R,5500,3.15,24.1,Tier 2 Cert Gasoline,373.2611599,23.6,56.200,-0.43200,0.035340
2016,BUICK ENVISION AWD,2.000,252,4,6,F,4500,3.17,29.2,Tier 2 Cert Gasoline,372.6000000,23.8000000,43.280,0.23390,0.024540
2016,CADILLAC ELR,1.400,84,4,1,F,4250,2.16,87.5,Tier 2 Cert Gasoline,275.2180000,32.2000000,30.170,0.22850,0.017600
2016,CHEVROLET CAMARO,6.200,455,8,6,R,4000,3.73,23.4,Tier 2 Cert Gasoline,383.8000000,23.1000000,36.880,0.55510,0.018260
2016,CHEVROLET CAPRICE PPV,6.000,355,8,6,R,4500,2.92,24.9,Tier 2 Cert Gasoline,424.7960000,20.9000000,35.860,0.85260,0.015210
2016,CHEVROLET CORVETTE,6.200,650,8,8,R,3875,2.41,20.4,Tier 2 Cert Gasoline,416.6330000,21.2000000,51.200,0.27450,0.020720
2016,CHEVROLET MALIBU,1.800,122,4,1,F,3625,2.64,28.4,Tier 2 Cert Gasoline,188.3147946,46.9000000,25.520,0.18120,0.016250
2016,CHEVROLET SS,6.200,415,8,6,R,4250,3.70,27.5,Tier 2 Cert Gasoline,430.0000000,20.7000000,53.080,0.19510,0.020200
2016,CHEVROLET VOLT,1.500,100,4,1,F,3875,2.64,55.2,Tier 2 Cert Gasoline,213.2237000,41.7000000,27.100,0.21730,0.015590
2016,GMC CANYON CAB CHASSIS 2WD,3.600,305,6,6,R,5250,3.42,26.0,Tier 2 Cert Gasoline,555.6408899,15.9000000,36.040,0.91490,0.044840
2016,HONDA CIVIC 2DR COUPE 1.5L,1.500,174,4,1,F,3250,4.81,26.4,Tier 2 Cert Gasoline,234.7400000,37.6000000,39.550,-0.39900,0.022490
2016,HONDA CIVIC 4DR SEDAN 1.5L,1.500,174,4,1,F,3250,4.81,26.7,Tier 2 Cert Gasoline,240.8946091,37.0000000,30.640,-0.07410,0.018210
2016,HYUNDAI Genesis Coupe,3.800,348,6,8,R,4000,3.91,28.7,Tier 2 Cert Gasoline,381.4119000,23.6000000,46.749,0.62777,0.013978
2016,HYUNDAI Genesis Coupe,3.800,348,6,6,R,3875,3.54,36.5,Tier 2 Cert Gasoline,377.0820359,23.5000000,40.090,0.42569,0.018157
2016,HYUNDAI SONATA HYBRID,2.000,154,4,6,F,3750,3.32,34.1,Tier 2 Cert Gasoline,218.2230000,40.9000000,30.720,-0.01816,0.018413
2016,McLaren 570S Coupe,3.799,562,8,7,R,3625,3.31,27.9,Tier 2 Cert Gasoline,388.2000000,22.8000000,43.170,0.86060,0.010600
2016,Mercedes-Benz AMG G65,5.980,621,12,7,R,6000,3.60,29.7,Tier 2 Cert Gasoline,694.3000000,12.7000000,57.306,0.58577,0.043402
2016,Mercedes-Benz AMG GLE 63 S (coupe),5.461,577,8,7,R,5500,3.69,30.0,Tier 2 Cert Gasoline,509.2500000,17.5000000,48.559,0.75977,0.022824
2016,Mercedes-Benz G 550,3.982,416,8,7,R,6000,3.58,29.1,Tier 2 Cert Gasoline,640.0310000,13.9000000,57.306,1.72838,0.030894
2016,Mercedes-Benz GLE 300 d 4MATIC,2.143,200,4,7,R,5500,3.27,28.1,Federal Cert Diesel 7-15 PPM Sulfur,450.2000000,22.6000000,42.866,0.98974,0.018003
2016,Mercedes-Benz GLE 550 e 4MATIC,2.996,436,6,7,A,6000,3.27,28.0,Tier 2 Cert Gasoline,419.1200000,21.0000000,50.564,0.56407,0.023447
2016,Mercedes-Benz Metris (Cargo Van),1.991,208,4,7,R,4500,3.50,32.6,Tier 2 Cert Gasoline,389.7245330,22.8000000,30.196,0.89396,0.020379
2016,Mercedes-Benz Metris (Passenger Van),1.991,208,4,7,R,5250,3.50,32.6,Tier 2 Cert Gasoline,424.5300000,20.9000000,34.855,0.89396,0.020379
2016,Mercedes-Benz Smart Fortwo (Coupe),0.898,89,3,5,R,2500,4.10,43.7,Tier 2 Cert Gasoline,236.7500000,36.9000000,19.743,0.31086,0.016478
2016,Mercedes-Benz Smart Fortwo (Coupe),0.898,89,3,6,R,2500,3.90,39.8,Tier 2 Cert Gasoline,242.1000000,35.5000000,19.743,0.31086,0.016478
2016,INFINITI INFINITI Q50 AWD PREMIUM,2.000,208,4,7,R,4250,3.13,31.9,Tier 2 Cert Gasoline,355.0000000,24.9000000,37.070,0.77380,0.011790
2016,INFINITI INFINITI Q50 PREMIUM,2.000,208,4,7,R,4000,2.94,29.9,Tier 2 Cert Gasoline,330.0000000,27.0000000,32.040,0.60810,0.011800
2016,NISSAN NISSAN ALTIMA SR 2.5,2.500,182,4,1,F,3500,4.83,24.0,Tier 2 Cert Gasoline,263.9625628,33.5000000,37.460,-0.18200,0.019170
2016,NISSAN NISSAN ALTIMA SR 2.5,2.500,177,4,1,F,3500,4.83,24.0,Tier 2 Cert Gasoline,261.0000000,34.0000000,37.460,-0.18200,0.019170
2016,Roush F150,5.000,600,8,6,R,5500,3.73,27.0,Tier 2 Cert Gasoline,634.9800000,14.1000000,53.070,0.60970,0.037970
2016,LEXUS GS F,4.969,467,8,8,R,4500,2.94,26.2,Tier 2 Cert Gasoline,396.9911280,22.3000000,51.561,0.39575,0.018630
2016,LEXUS RX 450h,3.456,259,6,1,F,5000,3.54,20.8,Tier 2 Cert Gasoline,312.8475503,28.2000000,31.657,0.53038,0.020783
2016,LEXUS RX 450h AWD,3.456,259,6,1,F,5000,3.54,21.4,Tier 2 Cert Gasoline,327.0816493,27.0000000,39.181,0.31147,0.024071
2016,LEXUS RX 450h AWD,3.456,259,6,1,F,5000,3.54,21.2,Tier 2 Cert Gasoline,326.6362381,27.0000000,38.954,0.31172,0.024455
2016,TOYOTA PRIUS,1.798,96,4,1,F,3375,2.83,20.1,Tier 2 Cert Gasoline,194.0019363,45.5000000,24.153,0.33502,0.014096
2016,TOYOTA PRIUS,1.798,96,4,1,F,3375,2.83,20.0,Tier 2 Cert Gasoline,206.4791190,42.9000000,31.145,0.35285,0.013956
2016,TOYOTA PRIUS Eco,1.798,96,4,1,F,3250,2.83,20.0,Tier 2 Cert Gasoline,176.1208676,50.1000000,17.130,0.28731,0.013857
2016,TOYOTA TACOMA 4WD,2.694,159,4,5,R,4500,3.91,35.0,Tier 2 Cert Gasoline,452.3177325,19.5000000,38.606,0.41789,0.032865
2016,AUDI A7,2.967,240,6,8,A,4750,2.52,21.8,Federal Cert Diesel 7-15 PPM Sulfur,288.0000000,35.3000000,39.117,0.34725,0.016878
2016,AUDI Audi TT,1.984,220,4,6,F,3625,3.44,32.9,Tier 2 Cert Gasoline,321.5612728,27.7000000,34.666,0.42683,0.020108
2016,AUDI S6,3.993,450,8,7,A,5000,4.09,27.6,Tier 2 Cert Gasoline,368.0000000,24.1000000,45.636,0.36895,0.018217
2016,AUDI S8 Plus,3.993,605,8,8,A,5000,3.20,26.3,Tier 2 Cert Gasoline,422.0000000,20.9000000,47.435,0.39789,0.016413
2016,AUDI TTS,1.984,292,4,6,F,3500,3.44,40.9,Tier 2 Cert Gasoline,332.0000000,26.7000000,35.295,0.41923,0.019555
2016,VOLKSWAGEN Golf R,1.984,292,4,6,F,3625,3.09,39.4,Tier 2 Cert Gasoline,303.0000000,29.1000000,31.810,0.49555,0.016529
2016,VOLKSWAGEN Touareg,2.967,240,6,8,A,5500,3.27,27.2,Federal Cert Diesel 7-15 PPM Sulfur,381.0000000,26.7000000,43.388,0.12298,0.027936
2016,Volvo XC60 T6 AWD,1.969,302,4,8,F,4500,3.33,26.7,Tier 2 Cert Gasoline,367.8136082,24.1000000,29.523,0.50945,0.020574
2016,Volvo XC90 T5 AWD,1.969,250,4,8,F,4750,3.33,26.7,Tier 2 Cert Gasoline,394.0000000,22.3000000,33.470,0.36984,0.023778
2016,Volvo XC90 T5 FWD,1.969,250,4,8,F,4750,3.33,26.7,Tier 2 Cert Gasoline,381.0000000,22.9000000,32.265,0.15631,0.025776
2016,Volvo XC90 T6 AWD,1.969,316,4,8,F,5000,3.33,26.2,Tier 2 Cert Gasoline,413.0000000,21.3000000,50.443,0.17963,0.027462
2016,Volvo XC90 T8 AWD,1.969,313,4,8,A,5500,3.20,25.1,Tier 2 Cert Gasoline,368.0000000,24.0000000,42.512,0.35403,0.025058
2017,Dodge Viper SRT,8.400,645,10,6,R,3750,3.55,22.0,Tier 2 Cert Gasoline,504.7286391,17.3,39.790,0.39380,0.028690
2017,CHEVROLET CAMARO,3.600,335,6,6,R,4000,3.27,31.1,Tier 2 Cert Gasoline,371.7293606,23.8,37.170,0.44860,0.017620
2017,CHEVROLET IMPALA,2.500,196,4,6,F,4000,3.23,30.3,Tier 2 Cert Gasoline,333.5000000,26.3,40.750,0.15350,0.019250
2017,CHEVROLET MALIBU,1.800,122,4,1,F,3625,2.64,28.4,Tier 2 Cert Gasoline,199.9000000,44.5,25.010,0.27120,0.016510
2017,CHEVROLET SS,6.200,415,8,6,R,4250,3.27,28.6,Tier 2 Cert Gasoline,436.6500000,20.3,48.520,0.64060,0.014990
2017,GMC ACADIA AWD,2.500,193,4,6,F,4500,3.87,33.5,Tier 2 Cert Gasoline,394.1000000,22.4,37.570,0.18460,0.027100
2017,HONDA ACCORD HYBRID,2.000,143,4,1,F,3750,3.42,36.9,Tier 2 Cert Gasoline,191.7100000,45.8,21.500,0.00450,0.018410
2017,Hyundai Elantra,1.400,128,4,7,F,3125,3.14,31.6,Tier 2 Cert Gasoline,250.3819000,35.7,25.255,0.07388,0.018471
2017,HYUNDAI SONATA HYBRID,2.000,154,4,6,F,3875,3.32,34.1,Tier 2 Cert Gasoline,227.5940000,39.4,31.813,0.07391,0.018045
2017,HYUNDAI SONATA HYBRID,2.000,154,4,6,F,4000,3.32,34.1,Tier 2 Cert Gasoline,232.0320000,38.5,29.576,0.21364,0.016543
2017,KIA Optima Hybrid,2.000,154,4,6,F,3750,3.32,34.1,Tier 2 Cert Gasoline,220.8169000,40.2,32.348,-0.05083,0.018772
2017,KIA Optima Hybrid,2.000,154,4,6,F,3875,3.32,34.1,Tier 2 Cert Gasoline,225.2463000,39.4,26.397,0.23353,0.015679
2017,KIA OPTIMA PLUG-IN HYBRID,2.000,154,4,6,F,4000,3.51,36.0,Tier 2 Cert Gasoline,230.4345000,38.7,32.622,-0.00098,0.018866
2017,Kia Sportage,2.000,240,4,6,F,4000,3.32,32.2,Tier 2 Cert Gasoline,375.9552580,23.5,31.325,0.42611,0.021900
2017,Kia Sportage,2.000,237,4,6,A,4000,3.32,32.2,Tier 2 Cert Gasoline,418.0000000,21.2,35.895,0.49543,0.024644
2017,Lotus Evora 400,3.500,400,6,6,R,3500,3.24,36.0,Tier 2 Cert Gasoline,395.6737900,22.3,37.485,0.40600,0.017640
2017,Lotus Evora 400,3.500,400,6,6,R,3500,3.69,29.0,Tier 2 Cert Gasoline,380.6361900,23.2,43.660,0.34690,0.017180
2017,Mercedes-Benz AMG S 65,5.980,621,12,7,R,5500,2.65,23.9,Tier 2 Cert Gasoline,449.0100000,19.8,28.410,0.94118,0.009891
2017,Mercedes-Benz AMG S 65 (convertible),5.980,621,12,7,R,5250,2.65,24.2,Tier 2 Cert Gasoline,446.0400000,20.0,33.260,0.86780,0.011345
2017,Mercedes-Benz AMG SL 65,5.980,621,12,7,R,4500,2.65,25.0,Tier 2 Cert Gasoline,419.5000000,21.1,37.434,0.63362,0.011293
2017,Mercedes-Benz GLS 550 4MATIC,4.664,449,8,9,R,6000,3.27,22.4,Tier 2 Cert Gasoline,515.2200000,17.0,54.463,0.67074,0.025134
2017,Mercedes-Benz Maybach S 600,5.980,523,12,7,R,5500,2.47,22.6,Tier 2 Cert Gasoline,466.7300000,19.0,50.115,0.47006,0.012858
2017,Mercedes-Benz S 600,5.980,523,12,7,R,5500,2.50,22.6,Tier 2 Cert Gasoline,456.1000000,19.5,32.241,0.74313,0.011939
2017,Mercedes-Benz Smart ForTwo (convertible),0.898,89,3,6,R,2500,3.90,39.8,Tier 2 Cert Gasoline,249.4160000,34.3,21.125,0.31096,0.017279
2017,Mercedes-Benz Smart ForTwo (convertible),0.898,89,3,5,R,2500,4.10,43.7,Tier 2 Cert Gasoline,241.8180000,35.6,21.125,0.31096,0.017279
2017,INFINITI Q60,2.000,208,4,7,R,4000,2.94,29.2,Tier 2 Cert Gasoline,339.0000000,26.3,33.930,0.51160,0.012550
2017,INFINITI Q60 AWD,2.000,208,4,7,R,4250,3.13,31.1,Tier 2 Cert Gasoline,363.0000000,24.4,40.960,0.71180,0.012670
2017,NISSAN ARMADA 2WD,5.600,381,8,7,R,6000,2.94,23.8,Tier 2 Cert Gasoline,514.0000000,17.3,32.410,1.00080,0.024570
2017,NISSAN ARMADA 4WD,5.600,381,8,7,R,6500,2.94,23.8,Tier 2 Cert Gasoline,538.0000000,16.3,39.590,0.96810,0.025720
2017,NISSAN NISSAN ALTIMA SL,3.500,270,6,1,F,3750,4.60,23.2,Tier 2 Cert Gasoline,301.0000000,29.6,33.400,0.08340,0.018340
2017,LEXUS GX 460,4.608,301,8,6,R,5500,3.91,26.5,Tier 2 Cert Gasoline,516.2117185,17.1,54.949,0.48451,0.030462
2017,VOLKSWAGEN Tiguan,1.984,200,4,6,F,4000,3.54,30.2,Tier 2 Cert Gasoline,391.0000000,22.4,42.039,0.47023,0.023746
2017,AUDI A4,1.984,252,4,7,F,3875,4.23,22.2,Tier 2 Cert Gasoline,294.1745401,30.1,39.342,0.14469,0.016995
2017,AUDI A4,1.984,252,4,7,F,4000,4.27,22.4,Tier 2 Cert Gasoline,312.0000000,28.3,41.140,0.43406,0.016413
2017,AUDI A4 Allroad,1.984,252,4,7,A,4250,4.01,20.4,Tier 2 Cert Gasoline,350.0000000,25.2,44.512,0.43406,0.019206
2017,AUDI A4 ultra,1.984,190,4,7,F,3750,4.23,22.2,Tier 2 Cert Gasoline,270.6075745,32.8,38.667,0.14469,0.016413
2017,AUDI Audi A3,1.984,220,4,6,A,3875,3.44,30.7,Tier 2 Cert Gasoline,323.0000000,27.3,38.442,0.11937,0.020254
2017,AUDI R8,5.204,540,10,7,A,4250,3.59,30.4,Tier 2 Cert Gasoline,402.0000000,22.0,51.998,0.22933,0.020894
2017,AUDI S3,1.984,292,4,6,A,3750,3.44,39.8,Tier 2 Cert Gasoline,333.0000000,26.8,46.086,0.27129,0.017518
2017,VOLKSWAGEN Tiguan,1.984,200,4,6,A,4000,3.45,30.2,Tier 2 Cert Gasoline,396.0000000,22.0,43.613,0.58598,0.023280
